source_sheet,source_row_id,project_scope,language,source_layer,code_family,code,label_en,label_cn,keyword_original,keyword_translation_or_note,current_pipeline_status,reviewer,review_decision,keyword_final,notes,reviewed_at
Chinese,2,cross_language_tourism_side_project,Chinese,Xiaohongshu titles now; note bodies later if collected,friction,transport_access,Transport / Access,交通/無障礙設施,交通不便,Existing Chinese social friction keyword,currently_used_for_chinese_social_friction,Lynn,No change,交通不便,,2026-06-18
Chinese,3,cross_language_tourism_side_project,Chinese,Xiaohongshu titles now; note bodies later if collected,friction,transport_access,Transport / Access,交通/無障礙設施,不方便,Existing Chinese social friction keyword,currently_used_for_chinese_social_friction,Lynn,No change,不方便,,2026-06-18
Chinese,4,cross_language_tourism_side_project,Chinese,Xiaohongshu titles now; note bodies later if collected,friction,transport_access,Transport / Access,交通/無障礙設施,公交,Existing Chinese social friction keyword,currently_used_for_chinese_social_friction,Lynn,No change,公交,,2026-06-18
Chinese,5,cross_language_tourism_side_project,Chinese,Xiaohongshu titles now; note bodies later if collected,friction,transport_access,Transport / Access,交通/無障礙設施,巴士,Existing Chinese social friction keyword,currently_used_for_chinese_social_friction,Lynn,No change,巴士,,2026-06-18
Chinese,6,cross_language_tourism_side_project,Chinese,Xiaohongshu titles now; note bodies later if collected,friction,transport_access,Transport / Access,交通/無障礙設施,班次少,Existing Chinese social friction keyword,currently_used_for_chinese_social_friction,Lynn,No change,班次少,,2026-06-18
Chinese,7,cross_language_tourism_side_project,Chinese,Xiaohongshu titles now; note bodies later if collected,friction,transport_access,Transport / Access,交通/無障礙設施,车次少,Existing Chinese social friction keyword,currently_used_for_chinese_social_friction,Lynn,No change,车次少,,2026-06-18
Chinese,8,cross_language_tourism_side_project,Chinese,Xiaohongshu titles now; note bodies later if collected,friction,transport_access,Transport / Access,交通/無障礙設施,火车少,Existing Chinese social friction keyword,currently_used_for_chinese_social_friction,Lynn,No change,火车少,,2026-06-18
Chinese,9,cross_language_tourism_side_project,Chinese,Xiaohongshu titles now; note bodies later if collected,friction,transport_access,Transport / Access,交通/無障礙設施,电车少,Existing Chinese social friction keyword,currently_used_for_chinese_social_friction,Lynn,No change,电车少,,2026-06-18
Chinese,10,cross_language_tourism_side_project,Chinese,Xiaohongshu titles now; note bodies later if collected,friction,transport_access,Transport / Access,交通/無障礙設施,出租车少,Existing Chinese social friction keyword,currently_used_for_chinese_social_friction,Lynn,No change,出租车少,,2026-06-18
Chinese,11,cross_language_tourism_side_project,Chinese,Xiaohongshu titles now; note bodies later if collected,friction,transport_access,Transport / Access,交通/無障礙設施,打车难,Existing Chinese social friction keyword,currently_used_for_chinese_social_friction,Lynn,No change,打车难,,2026-06-18
Chinese,12,cross_language_tourism_side_project,Chinese,Xiaohongshu titles now; note bodies later if collected,friction,transport_access,Transport / Access,交通/無障礙設施,远,Existing Chinese social friction keyword,currently_used_for_chinese_social_friction,Lynn,No change,远,,2026-06-18
Chinese,13,cross_language_tourism_side_project,Chinese,Xiaohongshu titles now; note bodies later if collected,friction,transport_access,Transport / Access,交通/無障礙設施,难去,Existing Chinese social friction keyword,currently_used_for_chinese_social_friction,Lynn,No change,难去,,2026-06-18
Chinese,14,cross_language_tourism_side_project,Chinese,Xiaohongshu titles now; note bodies later if collected,friction,transport_access,Transport / Access,交通/無障礙設施,不好去,Existing Chinese social friction keyword,currently_used_for_chinese_social_friction,Lynn,No change,不好去,,2026-06-18
Chinese,15,cross_language_tourism_side_project,Chinese,Xiaohongshu titles now; note bodies later if collected,friction,transport_access,Transport / Access,交通/無障礙設施,转车,Existing Chinese social friction keyword,currently_used_for_chinese_social_friction,Lynn,No change,转车,,2026-06-18
Chinese,16,cross_language_tourism_side_project,Chinese,Xiaohongshu titles now; note bodies later if collected,friction,transport_access,Transport / Access,交通/無障礙設施,换乘,Existing Chinese social friction keyword,currently_used_for_chinese_social_friction,Lynn,No change,换乘,,2026-06-18
Chinese,17,cross_language_tourism_side_project,Chinese,Xiaohongshu titles now; note bodies later if collected,friction,transport_access,Transport / Access,交通/無障礙設施,停车,Existing Chinese social friction keyword,currently_used_for_chinese_social_friction,Lynn,No change,停车,,2026-06-18
Chinese,18,cross_language_tourism_side_project,Chinese,Xiaohongshu titles now; note bodies later if collected,friction,transport_access,Transport / Access,交通/無障礙設施,自驾,Existing Chinese social friction keyword,currently_used_for_chinese_social_friction,Lynn,No change,自驾,,2026-06-18
Chinese,19,cross_language_tourism_side_project,Chinese,Xiaohongshu titles now; note bodies later if collected,friction,wayfinding_signage,Wayfinding / Signage,尋路/標識,指示,Existing Chinese social friction keyword,currently_used_for_chinese_social_friction,Lynn,No change,指示,,2026-06-18
Chinese,20,cross_language_tourism_side_project,Chinese,Xiaohongshu titles now; note bodies later if collected,friction,wayfinding_signage,Wayfinding / Signage,尋路/標識,标识,Existing Chinese social friction keyword,currently_used_for_chinese_social_friction,Lynn,No change,标识,,2026-06-18
Chinese,21,cross_language_tourism_side_project,Chinese,Xiaohongshu titles now; note bodies later if collected,friction,wayfinding_signage,Wayfinding / Signage,尋路/標識,标志,Existing Chinese social friction keyword,currently_used_for_chinese_social_friction,Lynn,No change,标志,,2026-06-18
Chinese,22,cross_language_tourism_side_project,Chinese,Xiaohongshu titles now; note bodies later if collected,friction,wayfinding_signage,Wayfinding / Signage,尋路/標識,路牌,Existing Chinese social friction keyword,currently_used_for_chinese_social_friction,Lynn,No change,路牌,,2026-06-18
Chinese,23,cross_language_tourism_side_project,Chinese,Xiaohongshu titles now; note bodies later if collected,friction,wayfinding_signage,Wayfinding / Signage,尋路/標識,导览,Existing Chinese social friction keyword,currently_used_for_chinese_social_friction,Lynn,No change,导览,,2026-06-18
Chinese,24,cross_language_tourism_side_project,Chinese,Xiaohongshu titles now; note bodies later if collected,friction,wayfinding_signage,Wayfinding / Signage,尋路/標識,地图,Existing Chinese social friction keyword,currently_used_for_chinese_social_friction,Lynn,No change,地图,,2026-06-18
Chinese,25,cross_language_tourism_side_project,Chinese,Xiaohongshu titles now; note bodies later if collected,friction,wayfinding_signage,Wayfinding / Signage,尋路/標識,迷路,Existing Chinese social friction keyword,currently_used_for_chinese_social_friction,Lynn,No change,迷路,,2026-06-18
Chinese,26,cross_language_tourism_side_project,Chinese,Xiaohongshu titles now; note bodies later if collected,friction,wayfinding_signage,Wayfinding / Signage,尋路/標識,找不到,Existing Chinese social friction keyword,currently_used_for_chinese_social_friction,Lynn,No change,找不到,,2026-06-18
Chinese,27,cross_language_tourism_side_project,Chinese,Xiaohongshu titles now; note bodies later if collected,friction,wayfinding_signage,Wayfinding / Signage,尋路/標識,入口难找,Existing Chinese social friction keyword,currently_used_for_chinese_social_friction,Lynn,No change,入口难找,,2026-06-18
Chinese,28,cross_language_tourism_side_project,Chinese,Xiaohongshu titles now; note bodies later if collected,friction,wayfinding_signage,Wayfinding / Signage,尋路/標識,不好找,Existing Chinese social friction keyword,currently_used_for_chinese_social_friction,Lynn,No change,不好找,,2026-06-18
Chinese,29,cross_language_tourism_side_project,Chinese,Xiaohongshu titles now; note bodies later if collected,friction,language_information_gap,Language Information Gap,語言資訊不足,英语,Existing Chinese social friction keyword,currently_used_for_chinese_social_friction,Lynn,FIX,都是英语,,2026-06-18
Chinese,30,cross_language_tourism_side_project,Chinese,Xiaohongshu titles now; note bodies later if collected,friction,language_information_gap,Language Information Gap,語言資訊不足,英文,Existing Chinese social friction keyword,currently_used_for_chinese_social_friction,Lynn,delete,,repeat,2026-06-18
Chinese,31,cross_language_tourism_side_project,Chinese,Xiaohongshu titles now; note bodies later if collected,friction,language_information_gap,Language Information Gap,語言資訊不足,外语,Existing Chinese social friction keyword,currently_used_for_chinese_social_friction,Lynn,delete,,repeat,2026-06-18
Chinese,32,cross_language_tourism_side_project,Chinese,Xiaohongshu titles now; note bodies later if collected,friction,language_information_gap,Language Information Gap,語言資訊不足,多语言,Existing Chinese social friction keyword,currently_used_for_chinese_social_friction,Lynn,delete,,,2026-06-18
Chinese,33,cross_language_tourism_side_project,Chinese,Xiaohongshu titles now; note bodies later if collected,friction,language_information_gap,Language Information Gap,語言資訊不足,翻译,Existing Chinese social friction keyword,currently_used_for_chinese_social_friction,Lynn,delete,,,2026-06-18
Chinese,34,cross_language_tourism_side_project,Chinese,Xiaohongshu titles now; note bodies later if collected,friction,language_information_gap,Language Information Gap,語言資訊不足,中文,Existing Chinese social friction keyword,currently_used_for_chinese_social_friction,Lynn,delete,,repeat,2026-06-18
Chinese,35,cross_language_tourism_side_project,Chinese,Xiaohongshu titles now; note bodies later if collected,friction,language_information_gap,Language Information Gap,語言資訊不足,中文说明,Existing Chinese social friction keyword,currently_used_for_chinese_social_friction,Lynn,No change,中文说明,,2026-06-18
Chinese,36,cross_language_tourism_side_project,Chinese,Xiaohongshu titles now; note bodies later if collected,friction,language_information_gap,Language Information Gap,語言資訊不足,没有中文,Existing Chinese social friction keyword,currently_used_for_chinese_social_friction,Lynn,No change,没有中文,,2026-06-18
Chinese,37,cross_language_tourism_side_project,Chinese,Xiaohongshu titles now; note bodies later if collected,friction,language_information_gap,Language Information Gap,語言資訊不足,看不懂,Existing Chinese social friction keyword,currently_used_for_chinese_social_friction,Lynn,No change,看不懂,,2026-06-18
Chinese,38,cross_language_tourism_side_project,Chinese,Xiaohongshu titles now; note bodies later if collected,friction,staff_communication,Staff Communication,員工溝通,沟通,Existing Chinese social friction keyword,currently_used_for_chinese_social_friction,Lynn,FIX,沟通不畅,,2026-06-18
Chinese,39,cross_language_tourism_side_project,Chinese,Xiaohongshu titles now; note bodies later if collected,friction,staff_communication,Staff Communication,員工溝通,服务差,Existing Chinese social friction keyword,currently_used_for_chinese_social_friction,Lynn,No change,服务差,,2026-06-18
Chinese,40,cross_language_tourism_side_project,Chinese,Xiaohongshu titles now; note bodies later if collected,friction,staff_communication,Staff Communication,員工溝通,态度差,Existing Chinese social friction keyword,currently_used_for_chinese_social_friction,Lynn,No change,态度差,,2026-06-18
Chinese,41,cross_language_tourism_side_project,Chinese,Xiaohongshu titles now; note bodies later if collected,friction,staff_communication,Staff Communication,員工溝通,不友好,Existing Chinese social friction keyword,currently_used_for_chinese_social_friction,Lynn,No change,不友好,,2026-06-18
Chinese,42,cross_language_tourism_side_project,Chinese,Xiaohongshu titles now; note bodies later if collected,friction,staff_communication,Staff Communication,員工溝通,不耐烦,Existing Chinese social friction keyword,currently_used_for_chinese_social_friction,Lynn,No change,不耐烦,,2026-06-18
Chinese,43,cross_language_tourism_side_project,Chinese,Xiaohongshu titles now; note bodies later if collected,friction,staff_communication,Staff Communication,員工溝通,解释不清,Existing Chinese social friction keyword,currently_used_for_chinese_social_friction,Lynn,No change,解释不清,,2026-06-18
Chinese,44,cross_language_tourism_side_project,Chinese,Xiaohongshu titles now; note bodies later if collected,friction,staff_communication,Staff Communication,員工溝通,说明不足,Existing Chinese social friction keyword,currently_used_for_chinese_social_friction,Lynn,No change,说明不足,,2026-06-18
Chinese,45,cross_language_tourism_side_project,Chinese,Xiaohongshu titles now; note bodies later if collected,friction,staff_communication,Staff Communication,員工溝通,店员,Existing Chinese social friction keyword,currently_used_for_chinese_social_friction,Lynn,No change,店员,,2026-06-18
Chinese,46,cross_language_tourism_side_project,Chinese,Xiaohongshu titles now; note bodies later if collected,friction,staff_communication,Staff Communication,員工溝通,工作人员,Existing Chinese social friction keyword,currently_used_for_chinese_social_friction,Lynn,delete,,UNLESS,2026-06-18
Chinese,47,cross_language_tourism_side_project,Chinese,Xiaohongshu titles now; note bodies later if collected,friction,booking_ticketing,Booking / Ticketing,預訂/購票,预约,Existing Chinese social friction keyword,currently_used_for_chinese_social_friction,Lynn,No change,预约,,2026-06-18
Chinese,48,cross_language_tourism_side_project,Chinese,Xiaohongshu titles now; note bodies later if collected,friction,booking_ticketing,Booking / Ticketing,預訂/購票,订票,Existing Chinese social friction keyword,currently_used_for_chinese_social_friction,Lynn,No change,订票,,2026-06-18
Chinese,49,cross_language_tourism_side_project,Chinese,Xiaohongshu titles now; note bodies later if collected,friction,booking_ticketing,Booking / Ticketing,預訂/購票,门票,Existing Chinese social friction keyword,currently_used_for_chinese_social_friction,Lynn,No change,门票,,2026-06-18
Chinese,50,cross_language_tourism_side_project,Chinese,Xiaohongshu titles now; note bodies later if collected,friction,booking_ticketing,Booking / Ticketing,預訂/購票,买票,Existing Chinese social friction keyword,currently_used_for_chinese_social_friction,Lynn,delete,,,2026-06-18
Chinese,51,cross_language_tourism_side_project,Chinese,Xiaohongshu titles now; note bodies later if collected,friction,booking_ticketing,Booking / Ticketing,預訂/購票,排队买票,Existing Chinese social friction keyword,currently_used_for_chinese_social_friction,Lynn,No change,排队买票,,2026-06-18
Chinese,52,cross_language_tourism_side_project,Chinese,Xiaohongshu titles now; note bodies later if collected,friction,booking_ticketing,Booking / Ticketing,預訂/購票,售罄,Existing Chinese social friction keyword,currently_used_for_chinese_social_friction,Lynn,No change,售罄,,2026-06-18
Chinese,53,cross_language_tourism_side_project,Chinese,Xiaohongshu titles now; note bodies later if collected,friction,booking_ticketing,Booking / Ticketing,預訂/購票,满员,Existing Chinese social friction keyword,currently_used_for_chinese_social_friction,Lynn,No change,满员,,2026-06-18
Chinese,54,cross_language_tourism_side_project,Chinese,Xiaohongshu titles now; note bodies later if collected,friction,booking_ticketing,Booking / Ticketing,預訂/購票,现金,Existing Chinese social friction keyword,currently_used_for_chinese_social_friction,Lynn,FIX,要用现金,,2026-06-18
Chinese,55,cross_language_tourism_side_project,Chinese,Xiaohongshu titles now; note bodies later if collected,friction,booking_ticketing,Booking / Ticketing,預訂/購票,不能刷卡,Existing Chinese social friction keyword,currently_used_for_chinese_social_friction,Lynn,No change,不能刷卡,,2026-06-18
Chinese,56,cross_language_tourism_side_project,Chinese,Xiaohongshu titles now; note bodies later if collected,friction,booking_ticketing,Booking / Ticketing,預訂/購票,支付,Existing Chinese social friction keyword,currently_used_for_chinese_social_friction,Lynn,delete,,,2026-06-18
Chinese,57,cross_language_tourism_side_project,Chinese,Xiaohongshu titles now; note bodies later if collected,friction,booking_ticketing,Booking / Ticketing,預訂/購票,支付不便,Existing Chinese social friction keyword,currently_used_for_chinese_social_friction,Lynn,No change,支付不便,,2026-06-18
Chinese,58,cross_language_tourism_side_project,Chinese,Xiaohongshu titles now; note bodies later if collected,friction,waiting_crowding,Waiting / Crowding,等候/擁擠程度,人多,Existing Chinese social friction keyword,currently_used_for_chinese_social_friction,Lynn,No change,人多,,2026-06-18
Chinese,59,cross_language_tourism_side_project,Chinese,Xiaohongshu titles now; note bodies later if collected,friction,waiting_crowding,Waiting / Crowding,等候/擁擠程度,拥挤,Existing Chinese social friction keyword,currently_used_for_chinese_social_friction,Lynn,No change,拥挤,,2026-06-18
Chinese,60,cross_language_tourism_side_project,Chinese,Xiaohongshu titles now; note bodies later if collected,friction,waiting_crowding,Waiting / Crowding,等候/擁擠程度,排队,Existing Chinese social friction keyword,currently_used_for_chinese_social_friction,Lynn,No change,排队,,2026-06-18
Chinese,61,cross_language_tourism_side_project,Chinese,Xiaohongshu titles now; note bodies later if collected,friction,waiting_crowding,Waiting / Crowding,等候/擁擠程度,等很久,Existing Chinese social friction keyword,currently_used_for_chinese_social_friction,Lynn,No change,等很久,,2026-06-18
Chinese,62,cross_language_tourism_side_project,Chinese,Xiaohongshu titles now; note bodies later if collected,friction,waiting_crowding,Waiting / Crowding,等候/擁擠程度,等待,Existing Chinese social friction keyword,currently_used_for_chinese_social_friction,Lynn,delete,,,2026-06-18
Chinese,63,cross_language_tourism_side_project,Chinese,Xiaohongshu titles now; note bodies later if collected,friction,waiting_crowding,Waiting / Crowding,等候/擁擠程度,排长队,Existing Chinese social friction keyword,currently_used_for_chinese_social_friction,Lynn,No change,排长队,,2026-06-18
Chinese,64,cross_language_tourism_side_project,Chinese,Xiaohongshu titles now; note bodies later if collected,friction,waiting_crowding,Waiting / Crowding,等候/擁擠程度,堵车,Existing Chinese social friction keyword,currently_used_for_chinese_social_friction,Lynn,No change,堵车,,2026-06-18
Chinese,65,cross_language_tourism_side_project,Chinese,Xiaohongshu titles now; note bodies later if collected,friction,waiting_crowding,Waiting / Crowding,等候/擁擠程度,挤,Existing Chinese social friction keyword,currently_used_for_chinese_social_friction,Lynn,No change,挤,,2026-06-18
Chinese,66,cross_language_tourism_side_project,Chinese,Xiaohongshu titles now; note bodies later if collected,friction,waiting_crowding,Waiting / Crowding,等候/擁擠程度,爆满,Existing Chinese social friction keyword,currently_used_for_chinese_social_friction,Lynn,No change,爆满,,2026-06-18
Chinese,67,cross_language_tourism_side_project,Chinese,Xiaohongshu titles now; note bodies later if collected,friction,price_value,Price / Value,價格/性價比,贵,Existing Chinese social friction keyword,currently_used_for_chinese_social_friction,Lynn,No change,贵,,2026-06-18
Chinese,68,cross_language_tourism_side_project,Chinese,Xiaohongshu titles now; note bodies later if collected,friction,price_value,Price / Value,價格/性價比,太贵,Existing Chinese social friction keyword,currently_used_for_chinese_social_friction,Lynn,No change,太贵,,2026-06-18
Chinese,69,cross_language_tourism_side_project,Chinese,Xiaohongshu titles now; note bodies later if collected,friction,price_value,Price / Value,價格/性價比,价格高,Existing Chinese social friction keyword,currently_used_for_chinese_social_friction,Lynn,No change,价格高,,2026-06-18
Chinese,70,cross_language_tourism_side_project,Chinese,Xiaohongshu titles now; note bodies later if collected,friction,price_value,Price / Value,價格/性價比,费用高,Existing Chinese social friction keyword,currently_used_for_chinese_social_friction,Lynn,delete,,,2026-06-18
Chinese,71,cross_language_tourism_side_project,Chinese,Xiaohongshu titles now; note bodies later if collected,friction,price_value,Price / Value,價格/性價比,门票贵,Existing Chinese social friction keyword,currently_used_for_chinese_social_friction,Lynn,No change,门票贵,,2026-06-18
Chinese,72,cross_language_tourism_side_project,Chinese,Xiaohongshu titles now; note bodies later if collected,friction,price_value,Price / Value,價格/性價比,停车费,Existing Chinese social friction keyword,currently_used_for_chinese_social_friction,Lynn,No change,停车费,,2026-06-18
Chinese,73,cross_language_tourism_side_project,Chinese,Xiaohongshu titles now; note bodies later if collected,friction,price_value,Price / Value,價格/性價比,性价比低,Existing Chinese social friction keyword,currently_used_for_chinese_social_friction,Lynn,No change,性价比低,,2026-06-18
Chinese,74,cross_language_tourism_side_project,Chinese,Xiaohongshu titles now; note bodies later if collected,friction,price_value,Price / Value,價格/性價比,不值,Existing Chinese social friction keyword,currently_used_for_chinese_social_friction,Lynn,No change,不值,,2026-06-18
Chinese,75,cross_language_tourism_side_project,Chinese,Xiaohongshu titles now; note bodies later if collected,friction,price_value,Price / Value,價格/性價比,坑,Existing Chinese social friction keyword,currently_used_for_chinese_social_friction,Lynn,No change,坑,,2026-06-18
Chinese,76,cross_language_tourism_side_project,Chinese,Xiaohongshu titles now; note bodies later if collected,friction,cleanliness_comfort,Cleanliness / Comfort,清潔度/舒適度,脏,Existing Chinese social friction keyword,currently_used_for_chinese_social_friction,Lynn,No change,脏,,2026-06-18
Chinese,77,cross_language_tourism_side_project,Chinese,Xiaohongshu titles now; note bodies later if collected,friction,cleanliness_comfort,Cleanliness / Comfort,清潔度/舒適度,不干净,Existing Chinese social friction keyword,currently_used_for_chinese_social_friction,Lynn,No change,不干净,,2026-06-18
Chinese,78,cross_language_tourism_side_project,Chinese,Xiaohongshu titles now; note bodies later if collected,friction,cleanliness_comfort,Cleanliness / Comfort,清潔度/舒適度,卫生差,Existing Chinese social friction keyword,currently_used_for_chinese_social_friction,Lynn,No change,卫生差,,2026-06-18
Chinese,79,cross_language_tourism_side_project,Chinese,Xiaohongshu titles now; note bodies later if collected,friction,cleanliness_comfort,Cleanliness / Comfort,清潔度/舒適度,厕所,Existing Chinese social friction keyword,currently_used_for_chinese_social_friction,Lynn,No change,厕所,,2026-06-18
Chinese,80,cross_language_tourism_side_project,Chinese,Xiaohongshu titles now; note bodies later if collected,friction,cleanliness_comfort,Cleanliness / Comfort,清潔度/舒適度,味道大,Existing Chinese social friction keyword,currently_used_for_chinese_social_friction,Lynn,No change,味道大,,2026-06-18
Chinese,81,cross_language_tourism_side_project,Chinese,Xiaohongshu titles now; note bodies later if collected,friction,cleanliness_comfort,Cleanliness / Comfort,清潔度/舒適度,太热,Existing Chinese social friction keyword,currently_used_for_chinese_social_friction,Lynn,No change,太热,,2026-06-18
Chinese,82,cross_language_tourism_side_project,Chinese,Xiaohongshu titles now; note bodies later if collected,friction,cleanliness_comfort,Cleanliness / Comfort,清潔度/舒適度,太冷,Existing Chinese social friction keyword,currently_used_for_chinese_social_friction,Lynn,No change,太冷,,2026-06-18
Chinese,83,cross_language_tourism_side_project,Chinese,Xiaohongshu titles now; note bodies later if collected,friction,cleanliness_comfort,Cleanliness / Comfort,清潔度/舒適度,休息,Existing Chinese social friction keyword,currently_used_for_chinese_social_friction,Lynn,No change,休息,,2026-06-18
Chinese,84,cross_language_tourism_side_project,Chinese,Xiaohongshu titles now; note bodies later if collected,friction,cleanliness_comfort,Cleanliness / Comfort,清潔度/舒適度,座位少,Existing Chinese social friction keyword,currently_used_for_chinese_social_friction,Lynn,No change,座位少,,2026-06-18
Chinese,85,cross_language_tourism_side_project,Chinese,Xiaohongshu titles now; note bodies later if collected,friction,cleanliness_comfort,Cleanliness / Comfort,清潔度/舒適度,设施旧,Existing Chinese social friction keyword,currently_used_for_chinese_social_friction,Lynn,No change,设施旧,,2026-06-18
Chinese,86,cross_language_tourism_side_project,Chinese,Xiaohongshu titles now; note bodies later if collected,friction,cleanliness_comfort,Cleanliness / Comfort,清潔度/舒適度,老旧,Existing Chinese social friction keyword,currently_used_for_chinese_social_friction,Lynn,No change,老旧,,2026-06-18
Chinese,87,cross_language_tourism_side_project,Chinese,Xiaohongshu titles now; note bodies later if collected,friction,opening_hours_availability,Opening Hours / Availability,開放時間/可用性,关门,Existing Chinese social friction keyword,currently_used_for_chinese_social_friction,Lynn,No change,关门,,2026-06-18
Chinese,88,cross_language_tourism_side_project,Chinese,Xiaohongshu titles now; note bodies later if collected,friction,opening_hours_availability,Opening Hours / Availability,開放時間/可用性,没开,Existing Chinese social friction keyword,currently_used_for_chinese_social_friction,Lynn,No change,没开,,2026-06-18
Chinese,89,cross_language_tourism_side_project,Chinese,Xiaohongshu titles now; note bodies later if collected,friction,opening_hours_availability,Opening Hours / Availability,開放時間/可用性,休息日,Existing Chinese social friction keyword,currently_used_for_chinese_social_friction,Lynn,No change,休息日,,2026-06-18
Chinese,90,cross_language_tourism_side_project,Chinese,Xiaohongshu titles now; note bodies later if collected,friction,opening_hours_availability,Opening Hours / Availability,開放時間/可用性,闭馆,Existing Chinese social friction keyword,currently_used_for_chinese_social_friction,Lynn,No change,闭馆,,2026-06-18
Chinese,91,cross_language_tourism_side_project,Chinese,Xiaohongshu titles now; note bodies later if collected,friction,opening_hours_availability,Opening Hours / Availability,開放時間/可用性,营业时间,Existing Chinese social friction keyword,currently_used_for_chinese_social_friction,Lynn,FIX,对营业时间不满,,2026-06-18
Chinese,92,cross_language_tourism_side_project,Chinese,Xiaohongshu titles now; note bodies later if collected,friction,opening_hours_availability,Opening Hours / Availability,開放時間/可用性,时间短,Existing Chinese social friction keyword,currently_used_for_chinese_social_friction,Lynn,No change,时间短,,2026-06-18
Chinese,93,cross_language_tourism_side_project,Chinese,Xiaohongshu titles now; note bodies later if collected,friction,opening_hours_availability,Opening Hours / Availability,開放時間/可用性,不能用,Existing Chinese social friction keyword,currently_used_for_chinese_social_friction,Lynn,No change,不能用,,2026-06-18
Chinese,94,cross_language_tourism_side_project,Chinese,Xiaohongshu titles now; note bodies later if collected,friction,opening_hours_availability,Opening Hours / Availability,開放時間/可用性,暂停,Existing Chinese social friction keyword,currently_used_for_chinese_social_friction,Lynn,No change,暂停,,2026-06-18
Chinese,95,cross_language_tourism_side_project,Chinese,Xiaohongshu titles now; note bodies later if collected,friction,opening_hours_availability,Opening Hours / Availability,開放時間/可用性,停业,Existing Chinese social friction keyword,currently_used_for_chinese_social_friction,Lynn,No change,停业,,2026-06-18
Chinese,96,cross_language_tourism_side_project,Chinese,Xiaohongshu titles now; note bodies later if collected,friction,itinerary_fit_time_cost,Itinerary Fit / Time & Cost,行程安排/時間與成本,时间不够,Existing Chinese social friction keyword,currently_used_for_chinese_social_friction,Lynn,No change,时间不够,,2026-06-18
Chinese,97,cross_language_tourism_side_project,Chinese,Xiaohongshu titles now; note bodies later if collected,friction,itinerary_fit_time_cost,Itinerary Fit / Time & Cost,行程安排/時間與成本,花时间,Existing Chinese social friction keyword,currently_used_for_chinese_social_friction,Lynn,No change,花时间,,2026-06-18
Chinese,98,cross_language_tourism_side_project,Chinese,Xiaohongshu titles now; note bodies later if collected,friction,itinerary_fit_time_cost,Itinerary Fit / Time & Cost,行程安排/時間與成本,耗时,Existing Chinese social friction keyword,currently_used_for_chinese_social_friction,Lynn,No change,耗时,,2026-06-18
Chinese,99,cross_language_tourism_side_project,Chinese,Xiaohongshu titles now; note bodies later if collected,friction,itinerary_fit_time_cost,Itinerary Fit / Time & Cost,行程安排/時間與成本,没什么,Existing Chinese social friction keyword,currently_used_for_chinese_social_friction,Lynn,delete,,,2026-06-18
Chinese,100,cross_language_tourism_side_project,Chinese,Xiaohongshu titles now; note bodies later if collected,friction,itinerary_fit_time_cost,Itinerary Fit / Time & Cost,行程安排/時間與成本,没什么看,Existing Chinese social friction keyword,currently_used_for_chinese_social_friction,Lynn,No change,没什么看,,2026-06-18
Chinese,101,cross_language_tourism_side_project,Chinese,Xiaohongshu titles now; note bodies later if collected,friction,itinerary_fit_time_cost,Itinerary Fit / Time & Cost,行程安排/時間與成本,不值得,Existing Chinese social friction keyword,currently_used_for_chinese_social_friction,Lynn,No change,不值得,,2026-06-18
Chinese,102,cross_language_tourism_side_project,Chinese,Xiaohongshu titles now; note bodies later if collected,friction,itinerary_fit_time_cost,Itinerary Fit / Time & Cost,行程安排/時間與成本,行程,Existing Chinese social friction keyword,currently_used_for_chinese_social_friction,Lynn,delete,,,2026-06-18
Chinese,103,cross_language_tourism_side_project,Chinese,Xiaohongshu titles now; note bodies later if collected,friction,itinerary_fit_time_cost,Itinerary Fit / Time & Cost,行程安排/時間與成本,绕路,Existing Chinese social friction keyword,currently_used_for_chinese_social_friction,Lynn,No change,绕路,,2026-06-18
Chinese,104,cross_language_tourism_side_project,Chinese,Xiaohongshu titles now; note bodies later if collected,friction,itinerary_fit_time_cost,Itinerary Fit / Time & Cost,行程安排/時間與成本,难安排,Existing Chinese social friction keyword,currently_used_for_chinese_social_friction,Lynn,No change,难安排,,2026-06-18
Chinese,105,cross_language_tourism_side_project,Chinese,Xiaohongshu titles now; note bodies later if collected,friction,itinerary_fit_time_cost,Itinerary Fit / Time & Cost,行程安排/時間與成本,小众,Existing Chinese social friction keyword,currently_used_for_chinese_social_friction,Lynn,FIX,小众行程,,2026-06-18
Chinese,106,cross_language_tourism_side_project,Chinese,Xiaohongshu titles now; note bodies later if collected,friction,accessibility_mobility,Accessibility / Mobility,無障礙設施/行動便利性,楼梯,Existing Chinese social friction keyword,currently_used_for_chinese_social_friction,Lynn,FIX,都是楼梯,,2026-06-18
Chinese,107,cross_language_tourism_side_project,Chinese,Xiaohongshu titles now; note bodies later if collected,friction,accessibility_mobility,Accessibility / Mobility,無障礙設施/行動便利性,台阶,Existing Chinese social friction keyword,currently_used_for_chinese_social_friction,Lynn,delete,,,2026-06-18
Chinese,108,cross_language_tourism_side_project,Chinese,Xiaohongshu titles now; note bodies later if collected,friction,accessibility_mobility,Accessibility / Mobility,無障礙設施/行動便利性,坡,Existing Chinese social friction keyword,currently_used_for_chinese_social_friction,Lynn,No change,坡,,2026-06-18
Chinese,109,cross_language_tourism_side_project,Chinese,Xiaohongshu titles now; note bodies later if collected,friction,accessibility_mobility,Accessibility / Mobility,無障礙設施/行動便利性,山路,Existing Chinese social friction keyword,currently_used_for_chinese_social_friction,Lynn,No change,山路,,2026-06-18
Chinese,110,cross_language_tourism_side_project,Chinese,Xiaohongshu titles now; note bodies later if collected,friction,accessibility_mobility,Accessibility / Mobility,無障礙設施/行動便利性,不好走,Existing Chinese social friction keyword,currently_used_for_chinese_social_friction,Lynn,No change,不好走,,2026-06-18
Chinese,111,cross_language_tourism_side_project,Chinese,Xiaohongshu titles now; note bodies later if collected,friction,accessibility_mobility,Accessibility / Mobility,無障礙設施/行動便利性,走路累,Existing Chinese social friction keyword,currently_used_for_chinese_social_friction,Lynn,No change,走路累,,2026-06-18
Chinese,112,cross_language_tourism_side_project,Chinese,Xiaohongshu titles now; note bodies later if collected,friction,accessibility_mobility,Accessibility / Mobility,無障礙設施/行動便利性,推车,Existing Chinese social friction keyword,currently_used_for_chinese_social_friction,Lynn,No change,推车,,2026-06-18
Chinese,113,cross_language_tourism_side_project,Chinese,Xiaohongshu titles now; note bodies later if collected,friction,accessibility_mobility,Accessibility / Mobility,無障礙設施/行動便利性,轮椅,Existing Chinese social friction keyword,currently_used_for_chinese_social_friction,Lynn,No change,轮椅,,2026-06-18
Chinese,114,cross_language_tourism_side_project,Chinese,Xiaohongshu titles now; note bodies later if collected,friction,accessibility_mobility,Accessibility / Mobility,無障礙設施/行動便利性,带老人,Existing Chinese social friction keyword,currently_used_for_chinese_social_friction,Lynn,FIX,带老人不便,,2026-06-18
Chinese,115,cross_language_tourism_side_project,Chinese,Xiaohongshu titles now; note bodies later if collected,friction,accessibility_mobility,Accessibility / Mobility,無障礙設施/行動便利性,带小孩,Existing Chinese social friction keyword,currently_used_for_chinese_social_friction,Lynn,FIX,带小孩不便,,2026-06-18
Chinese,116,cross_language_tourism_side_project,Chinese,Xiaohongshu titles now; note bodies later if collected,friction,food_amenities_gap,Food / Amenities Gap,餐飲/設施不足,餐厅少,Existing Chinese social friction keyword,currently_used_for_chinese_social_friction,Lynn,No change,餐厅少,,2026-06-18
Chinese,117,cross_language_tourism_side_project,Chinese,Xiaohongshu titles now; note bodies later if collected,friction,food_amenities_gap,Food / Amenities Gap,餐飲/設施不足,吃饭不便,Existing Chinese social friction keyword,currently_used_for_chinese_social_friction,Lynn,No change,吃饭不便,,2026-06-18
Chinese,118,cross_language_tourism_side_project,Chinese,Xiaohongshu titles now; note bodies later if collected,friction,food_amenities_gap,Food / Amenities Gap,餐飲/設施不足,没吃的,Existing Chinese social friction keyword,currently_used_for_chinese_social_friction,Lynn,No change,没吃的,,2026-06-18
Chinese,119,cross_language_tourism_side_project,Chinese,Xiaohongshu titles now; note bodies later if collected,friction,food_amenities_gap,Food / Amenities Gap,餐飲/設施不足,商店少,Existing Chinese social friction keyword,currently_used_for_chinese_social_friction,Lynn,No change,商店少,,2026-06-18
Chinese,120,cross_language_tourism_side_project,Chinese,Xiaohongshu titles now; note bodies later if collected,friction,food_amenities_gap,Food / Amenities Gap,餐飲/設施不足,便利店,Existing Chinese social friction keyword,currently_used_for_chinese_social_friction,Lynn,delete,,,2026-06-18
Chinese,121,cross_language_tourism_side_project,Chinese,Xiaohongshu titles now; note bodies later if collected,friction,food_amenities_gap,Food / Amenities Gap,餐飲/設施不足,休息区,Existing Chinese social friction keyword,currently_used_for_chinese_social_friction,Lynn,FIX,休息区少,,2026-06-18
Chinese,122,cross_language_tourism_side_project,Chinese,Xiaohongshu titles now; note bodies later if collected,friction,food_amenities_gap,Food / Amenities Gap,餐飲/設施不足,寄存,Existing Chinese social friction keyword,currently_used_for_chinese_social_friction,Lynn,FIX,寄存不便,,2026-06-18
Chinese,123,cross_language_tourism_side_project,Chinese,Xiaohongshu titles now; note bodies later if collected,friction,food_amenities_gap,Food / Amenities Gap,餐飲/設施不足,储物柜,Existing Chinese social friction keyword,currently_used_for_chinese_social_friction,Lynn,FIX,储物柜少,,2026-06-18
Chinese,124,cross_language_tourism_side_project,Chinese,Xiaohongshu titles now; note bodies later if collected,friction,food_amenities_gap,Food / Amenities Gap,餐飲/設施不足,设施少,Existing Chinese social friction keyword,currently_used_for_chinese_social_friction,Lynn,No change,设施少,,2026-06-18
Chinese,125,cross_language_tourism_side_project,Chinese,Xiaohongshu titles now; note bodies later if collected,friction,food_amenities_gap,Food / Amenities Gap,餐飲/設施不足,周边配套,Existing Chinese social friction keyword,currently_used_for_chinese_social_friction,Lynn,FIX,周边配套不足,,2026-06-18
Chinese,126,cross_language_tourism_side_project,Chinese,Xiaohongshu titles now; note bodies later if collected,topic,scenic_nature,Scenic Nature,自然風光,风景,New broader keyword,new_candidate_not_yet_wired,Lynn,No change,风景,,2026-06-18
Chinese,127,cross_language_tourism_side_project,Chinese,Xiaohongshu titles now; note bodies later if collected,topic,scenic_nature,Scenic Nature,自然風光,景色,New broader keyword,new_candidate_not_yet_wired,Lynn,delete,,,2026-06-18
Chinese,128,cross_language_tourism_side_project,Chinese,Xiaohongshu titles now; note bodies later if collected,topic,scenic_nature,Scenic Nature,自然風光,绝景,New broader keyword,new_candidate_not_yet_wired,Lynn,No change,绝景,,2026-06-18
Chinese,129,cross_language_tourism_side_project,Chinese,Xiaohongshu titles now; note bodies later if collected,topic,scenic_nature,Scenic Nature,自然風光,海景,New broader keyword,new_candidate_not_yet_wired,Lynn,No change,海景,,2026-06-18
Chinese,130,cross_language_tourism_side_project,Chinese,Xiaohongshu titles now; note bodies later if collected,topic,scenic_nature,Scenic Nature,自然風光,山景,New broader keyword,new_candidate_not_yet_wired,Lynn,No change,山景,,2026-06-18
Chinese,131,cross_language_tourism_side_project,Chinese,Xiaohongshu titles now; note bodies later if collected,topic,scenic_nature,Scenic Nature,自然風光,悬崖,New broader keyword,new_candidate_not_yet_wired,Lynn,No change,悬崖,,2026-06-18
Chinese,132,cross_language_tourism_side_project,Chinese,Xiaohongshu titles now; note bodies later if collected,topic,scenic_nature,Scenic Nature,自然風光,瀑布,New broader keyword,new_candidate_not_yet_wired,Lynn,No change,瀑布,,2026-06-18
Chinese,133,cross_language_tourism_side_project,Chinese,Xiaohongshu titles now; note bodies later if collected,topic,scenic_nature,Scenic Nature,自然風光,河,New broader keyword,new_candidate_not_yet_wired,Lynn,No change,河,,2026-06-18
Chinese,134,cross_language_tourism_side_project,Chinese,Xiaohongshu titles now; note bodies later if collected,topic,scenic_nature,Scenic Nature,自然風光,湖,New broader keyword,new_candidate_not_yet_wired,Lynn,No change,湖,,2026-06-18
Chinese,135,cross_language_tourism_side_project,Chinese,Xiaohongshu titles now; note bodies later if collected,topic,scenic_nature,Scenic Nature,自然風光,森林,New broader keyword,new_candidate_not_yet_wired,Lynn,No change,森林,,2026-06-18
Chinese,136,cross_language_tourism_side_project,Chinese,Xiaohongshu titles now; note bodies later if collected,topic,scenic_nature,Scenic Nature,自然風光,日落,New broader keyword,new_candidate_not_yet_wired,Lynn,No change,日落,,2026-06-18
Chinese,137,cross_language_tourism_side_project,Chinese,Xiaohongshu titles now; note bodies later if collected,topic,scenic_nature,Scenic Nature,自然風光,樱花,New broader keyword,new_candidate_not_yet_wired,Lynn,No change,樱花,,2026-06-18
Chinese,138,cross_language_tourism_side_project,Chinese,Xiaohongshu titles now; note bodies later if collected,topic,scenic_nature,Scenic Nature,自然風光,红叶,New broader keyword,new_candidate_not_yet_wired,Lynn,No change,红叶,,2026-06-18
Chinese,139,cross_language_tourism_side_project,Chinese,Xiaohongshu titles now; note bodies later if collected,topic,scenic_nature,Scenic Nature,自然風光,雪景,New broader keyword,new_candidate_not_yet_wired,Lynn,No change,雪景,,2026-06-18
Chinese,140,cross_language_tourism_side_project,Chinese,Xiaohongshu titles now; note bodies later if collected,topic,scenic_nature,Scenic Nature,自然風光,出片,New broader keyword,new_candidate_not_yet_wired,Lynn,No change,出片,,2026-06-18
Chinese,141,cross_language_tourism_side_project,Chinese,Xiaohongshu titles now; note bodies later if collected,topic,scenic_nature,Scenic Nature,自然風光,拍照,New broader keyword,new_candidate_not_yet_wired,Lynn,No change,拍照,,2026-06-18
Chinese,142,cross_language_tourism_side_project,Chinese,Xiaohongshu titles now; note bodies later if collected,topic,temples_spiritual,Temples / Spiritual,寺廟/宗教場所,寺,New broader keyword,new_candidate_not_yet_wired,Lynn,No change,寺,,2026-06-18
Chinese,143,cross_language_tourism_side_project,Chinese,Xiaohongshu titles now; note bodies later if collected,topic,temples_spiritual,Temples / Spiritual,寺廟/宗教場所,寺庙,New broader keyword,new_candidate_not_yet_wired,Lynn,No change,寺庙,,2026-06-18
Chinese,144,cross_language_tourism_side_project,Chinese,Xiaohongshu titles now; note bodies later if collected,topic,temples_spiritual,Temples / Spiritual,寺廟/宗教場所,神社,New broader keyword,new_candidate_not_yet_wired,Lynn,No change,神社,,2026-06-18
Chinese,145,cross_language_tourism_side_project,Chinese,Xiaohongshu titles now; note bodies later if collected,topic,temples_spiritual,Temples / Spiritual,寺廟/宗教場所,参拜,New broader keyword,new_candidate_not_yet_wired,Lynn,No change,参拜,,2026-06-18
Chinese,146,cross_language_tourism_side_project,Chinese,Xiaohongshu titles now; note bodies later if collected,topic,temples_spiritual,Temples / Spiritual,寺廟/宗教場所,禅,New broader keyword,new_candidate_not_yet_wired,Lynn,No change,禅,,2026-06-18
Chinese,147,cross_language_tourism_side_project,Chinese,Xiaohongshu titles now; note bodies later if collected,topic,temples_spiritual,Temples / Spiritual,寺廟/宗教場所,坐禅,New broader keyword,new_candidate_not_yet_wired,Lynn,No change,坐禅,,2026-06-18
Chinese,148,cross_language_tourism_side_project,Chinese,Xiaohongshu titles now; note bodies later if collected,topic,temples_spiritual,Temples / Spiritual,寺廟/宗教場所,修行,New broader keyword,new_candidate_not_yet_wired,Lynn,No change,修行,,2026-06-18
Chinese,149,cross_language_tourism_side_project,Chinese,Xiaohongshu titles now; note bodies later if collected,topic,temples_spiritual,Temples / Spiritual,寺廟/宗教場所,御朱印,New broader keyword,new_candidate_not_yet_wired,Lynn,No change,御朱印,,2026-06-18
Chinese,150,cross_language_tourism_side_project,Chinese,Xiaohongshu titles now; note bodies later if collected,topic,temples_spiritual,Temples / Spiritual,寺廟/宗教場所,僧人,New broader keyword,new_candidate_not_yet_wired,Lynn,No change,僧人,,2026-06-18
Chinese,151,cross_language_tourism_side_project,Chinese,Xiaohongshu titles now; note bodies later if collected,topic,temples_spiritual,Temples / Spiritual,寺廟/宗教場所,永平寺,New broader keyword,new_candidate_not_yet_wired,Lynn,No change,永平寺,,2026-06-18
Chinese,152,cross_language_tourism_side_project,Chinese,Xiaohongshu titles now; note bodies later if collected,topic,temples_spiritual,Temples / Spiritual,寺廟/宗教場所,安静,New broader keyword,new_candidate_not_yet_wired,Lynn,No change,安静,,2026-06-18
Chinese,153,cross_language_tourism_side_project,Chinese,Xiaohongshu titles now; note bodies later if collected,topic,temples_spiritual,Temples / Spiritual,寺廟/宗教場所,治愈,New broader keyword,new_candidate_not_yet_wired,Lynn,No change,治愈,,2026-06-18
Chinese,154,cross_language_tourism_side_project,Chinese,Xiaohongshu titles now; note bodies later if collected,topic,history_culture,History / Culture,歷史/文化,城,New broader keyword,new_candidate_not_yet_wired,Lynn,No change,城,,2026-06-18
Chinese,155,cross_language_tourism_side_project,Chinese,Xiaohongshu titles now; note bodies later if collected,topic,history_culture,History / Culture,歷史/文化,城迹,New broader keyword,new_candidate_not_yet_wired,Lynn,No change,城迹,,2026-06-18
Chinese,156,cross_language_tourism_side_project,Chinese,Xiaohongshu titles now; note bodies later if collected,topic,history_culture,History / Culture,歷史/文化,历史,New broader keyword,new_candidate_not_yet_wired,Lynn,No change,历史,,2026-06-18
Chinese,157,cross_language_tourism_side_project,Chinese,Xiaohongshu titles now; note bodies later if collected,topic,history_culture,History / Culture,歷史/文化,遗迹,New broader keyword,new_candidate_not_yet_wired,Lynn,No change,遗迹,,2026-06-18
Chinese,158,cross_language_tourism_side_project,Chinese,Xiaohongshu titles now; note bodies later if collected,topic,history_culture,History / Culture,歷史/文化,武家,New broader keyword,new_candidate_not_yet_wired,Lynn,No change,武家,,2026-06-18
Chinese,159,cross_language_tourism_side_project,Chinese,Xiaohongshu titles now; note bodies later if collected,topic,history_culture,History / Culture,歷史/文化,传统,New broader keyword,new_candidate_not_yet_wired,Lynn,No change,传统,,2026-06-18
Chinese,160,cross_language_tourism_side_project,Chinese,Xiaohongshu titles now; note bodies later if collected,topic,history_culture,History / Culture,歷史/文化,文化财,New broader keyword,new_candidate_not_yet_wired,Lynn,No change,文化财,,2026-06-18
Chinese,161,cross_language_tourism_side_project,Chinese,Xiaohongshu titles now; note bodies later if collected,topic,history_culture,History / Culture,歷史/文化,古街,New broader keyword,new_candidate_not_yet_wired,Lynn,No change,古街,,2026-06-18
Chinese,162,cross_language_tourism_side_project,Chinese,Xiaohongshu titles now; note bodies later if collected,topic,history_culture,History / Culture,歷史/文化,资料馆,New broader keyword,new_candidate_not_yet_wired,Lynn,No change,资料馆,,2026-06-18
Chinese,163,cross_language_tourism_side_project,Chinese,Xiaohongshu titles now; note bodies later if collected,topic,history_culture,History / Culture,歷史/文化,建筑,New broader keyword,new_candidate_not_yet_wired,Lynn,No change,建筑,,2026-06-18
Chinese,164,cross_language_tourism_side_project,Chinese,Xiaohongshu titles now; note bodies later if collected,topic,history_culture,History / Culture,歷史/文化,文化,New broader keyword,new_candidate_not_yet_wired,Lynn,No change,文化,,2026-06-18
Chinese,165,cross_language_tourism_side_project,Chinese,Xiaohongshu titles now; note bodies later if collected,topic,dinosaurs_museums,Dinosaurs / Museums,恐龍/博物館,恐龙,New broader keyword,new_candidate_not_yet_wired,Lynn,No change,恐龙,,2026-06-18
Chinese,166,cross_language_tourism_side_project,Chinese,Xiaohongshu titles now; note bodies later if collected,topic,dinosaurs_museums,Dinosaurs / Museums,恐龍/博物館,化石,New broader keyword,new_candidate_not_yet_wired,Lynn,No change,化石,,2026-06-18
Chinese,167,cross_language_tourism_side_project,Chinese,Xiaohongshu titles now; note bodies later if collected,topic,dinosaurs_museums,Dinosaurs / Museums,恐龍/博物館,博物馆,New broader keyword,new_candidate_not_yet_wired,Lynn,No change,博物馆,,2026-06-18
Chinese,168,cross_language_tourism_side_project,Chinese,Xiaohongshu titles now; note bodies later if collected,topic,dinosaurs_museums,Dinosaurs / Museums,恐龍/博物館,美术馆,New broader keyword,new_candidate_not_yet_wired,Lynn,No change,美术馆,,2026-06-18
Chinese,169,cross_language_tourism_side_project,Chinese,Xiaohongshu titles now; note bodies later if collected,topic,dinosaurs_museums,Dinosaurs / Museums,恐龍/博物館,展览,New broader keyword,new_candidate_not_yet_wired,Lynn,No change,展览,,2026-06-18
Chinese,170,cross_language_tourism_side_project,Chinese,Xiaohongshu titles now; note bodies later if collected,topic,dinosaurs_museums,Dinosaurs / Museums,恐龍/博物館,展馆,New broader keyword,new_candidate_not_yet_wired,Lynn,No change,展馆,,2026-06-18
Chinese,171,cross_language_tourism_side_project,Chinese,Xiaohongshu titles now; note bodies later if collected,topic,dinosaurs_museums,Dinosaurs / Museums,恐龍/博物館,亲子,New broader keyword,new_candidate_not_yet_wired,Lynn,No change,亲子,,2026-06-18
Chinese,172,cross_language_tourism_side_project,Chinese,Xiaohongshu titles now; note bodies later if collected,topic,dinosaurs_museums,Dinosaurs / Museums,恐龍/博物館,互动,New broader keyword,new_candidate_not_yet_wired,Lynn,No change,互动,,2026-06-18
Chinese,173,cross_language_tourism_side_project,Chinese,Xiaohongshu titles now; note bodies later if collected,topic,food_local_cuisine,Food / Local Cuisine,美食/當地特色菜,海鲜,New broader keyword,new_candidate_not_yet_wired,Lynn,No change,海鲜,,2026-06-18
Chinese,174,cross_language_tourism_side_project,Chinese,Xiaohongshu titles now; note bodies later if collected,topic,food_local_cuisine,Food / Local Cuisine,美食/當地特色菜,荞麦面,New broader keyword,new_candidate_not_yet_wired,Lynn,No change,荞麦面,,2026-06-18
Chinese,175,cross_language_tourism_side_project,Chinese,Xiaohongshu titles now; note bodies later if collected,topic,food_local_cuisine,Food / Local Cuisine,美食/當地特色菜,越前蟹,New broader keyword,new_candidate_not_yet_wired,Lynn,No change,越前蟹,,2026-06-18
Chinese,176,cross_language_tourism_side_project,Chinese,Xiaohongshu titles now; note bodies later if collected,topic,food_local_cuisine,Food / Local Cuisine,美食/當地特色菜,螃蟹,New broader keyword,new_candidate_not_yet_wired,Lynn,No change,螃蟹,,2026-06-18
Chinese,177,cross_language_tourism_side_project,Chinese,Xiaohongshu titles now; note bodies later if collected,topic,food_local_cuisine,Food / Local Cuisine,美食/當地特色菜,酱汁猪排饭,New broader keyword,new_candidate_not_yet_wired,Lynn,No change,酱汁猪排饭,,2026-06-18
Chinese,178,cross_language_tourism_side_project,Chinese,Xiaohongshu titles now; note bodies later if collected,topic,food_local_cuisine,Food / Local Cuisine,美食/當地特色菜,寿司,New broader keyword,new_candidate_not_yet_wired,Lynn,No change,寿司,,2026-06-18
Chinese,179,cross_language_tourism_side_project,Chinese,Xiaohongshu titles now; note bodies later if collected,topic,food_local_cuisine,Food / Local Cuisine,美食/當地特色菜,当地美食,New broader keyword,new_candidate_not_yet_wired,Lynn,No change,当地美食,,2026-06-18
Chinese,180,cross_language_tourism_side_project,Chinese,Xiaohongshu titles now; note bodies later if collected,topic,food_local_cuisine,Food / Local Cuisine,美食/當地特色菜,午餐,New broader keyword,new_candidate_not_yet_wired,Lynn,delete,,,2026-06-18
Chinese,181,cross_language_tourism_side_project,Chinese,Xiaohongshu titles now; note bodies later if collected,topic,food_local_cuisine,Food / Local Cuisine,美食/當地特色菜,咖啡,New broader keyword,new_candidate_not_yet_wired,Lynn,No change,咖啡,,2026-06-18
Chinese,182,cross_language_tourism_side_project,Chinese,Xiaohongshu titles now; note bodies later if collected,topic,food_local_cuisine,Food / Local Cuisine,美食/當地特色菜,好吃,New broader keyword,new_candidate_not_yet_wired,Lynn,No change,好吃,,2026-06-18
Chinese,183,cross_language_tourism_side_project,Chinese,Xiaohongshu titles now; note bodies later if collected,topic,food_local_cuisine,Food / Local Cuisine,美食/當地特色菜,新鲜,New broader keyword,new_candidate_not_yet_wired,Lynn,No change,新鲜,,2026-06-18
Chinese,184,cross_language_tourism_side_project,Chinese,Xiaohongshu titles now; note bodies later if collected,topic,hot_springs_relaxation,Hot Springs / Relaxation,溫泉/休閒,温泉,New broader keyword,new_candidate_not_yet_wired,Lynn,No change,温泉,,2026-06-18
Chinese,185,cross_language_tourism_side_project,Chinese,Xiaohongshu titles now; note bodies later if collected,topic,hot_springs_relaxation,Hot Springs / Relaxation,溫泉/休閒,足汤,New broader keyword,new_candidate_not_yet_wired,Lynn,No change,足汤,,2026-06-18
Chinese,186,cross_language_tourism_side_project,Chinese,Xiaohongshu titles now; note bodies later if collected,topic,hot_springs_relaxation,Hot Springs / Relaxation,溫泉/休閒,露天风吕,New broader keyword,new_candidate_not_yet_wired,Lynn,No change,露天风吕,,2026-06-18
Chinese,187,cross_language_tourism_side_project,Chinese,Xiaohongshu titles now; note bodies later if collected,topic,hot_springs_relaxation,Hot Springs / Relaxation,溫泉/休閒,旅馆,New broader keyword,new_candidate_not_yet_wired,Lynn,No change,旅馆,,2026-06-18
Chinese,188,cross_language_tourism_side_project,Chinese,Xiaohongshu titles now; note bodies later if collected,topic,hot_springs_relaxation,Hot Springs / Relaxation,溫泉/休閒,疗愈,New broader keyword,new_candidate_not_yet_wired,Lynn,No change,疗愈,,2026-06-18
Chinese,189,cross_language_tourism_side_project,Chinese,Xiaohongshu titles now; note bodies later if collected,topic,hot_springs_relaxation,Hot Springs / Relaxation,溫泉/休閒,治愈,New broader keyword,new_candidate_not_yet_wired,Lynn,No change,治愈,,2026-06-18
Chinese,190,cross_language_tourism_side_project,Chinese,Xiaohongshu titles now; note bodies later if collected,topic,hot_springs_relaxation,Hot Springs / Relaxation,溫泉/休閒,放松,New broader keyword,new_candidate_not_yet_wired,Lynn,No change,放松,,2026-06-18
Chinese,191,cross_language_tourism_side_project,Chinese,Xiaohongshu titles now; note bodies later if collected,topic,hot_springs_relaxation,Hot Springs / Relaxation,溫泉/休閒,泡汤,New broader keyword,new_candidate_not_yet_wired,Lynn,No change,泡汤,,2026-06-18
Chinese,192,cross_language_tourism_side_project,Chinese,Xiaohongshu titles now; note bodies later if collected,topic,hot_springs_relaxation,Hot Springs / Relaxation,溫泉/休閒,桑拿,New broader keyword,new_candidate_not_yet_wired,Lynn,No change,桑拿,,2026-06-18
Chinese,193,cross_language_tourism_side_project,Chinese,Xiaohongshu titles now; note bodies later if collected,topic,hot_springs_relaxation,Hot Springs / Relaxation,溫泉/休閒,日归温泉,New broader keyword,new_candidate_not_yet_wired,Lynn,No change,日归温泉,,2026-06-18
Chinese,194,cross_language_tourism_side_project,Chinese,Xiaohongshu titles now; note bodies later if collected,topic,crafts_shopping,Crafts / Shopping,手工藝品/購物,伴手礼,New broader keyword,new_candidate_not_yet_wired,Lynn,No change,伴手礼,,2026-06-18
Chinese,195,cross_language_tourism_side_project,Chinese,Xiaohongshu titles now; note bodies later if collected,topic,crafts_shopping,Crafts / Shopping,手工藝品/購物,手作,New broader keyword,new_candidate_not_yet_wired,Lynn,No change,手作,,2026-06-18
Chinese,196,cross_language_tourism_side_project,Chinese,Xiaohongshu titles now; note bodies later if collected,topic,crafts_shopping,Crafts / Shopping,手工藝品/購物,传统工艺,New broader keyword,new_candidate_not_yet_wired,Lynn,No change,传统工艺,,2026-06-18
Chinese,197,cross_language_tourism_side_project,Chinese,Xiaohongshu titles now; note bodies later if collected,topic,crafts_shopping,Crafts / Shopping,手工藝品/購物,越前烧,New broader keyword,new_candidate_not_yet_wired,Lynn,No change,越前烧,,2026-06-18
Chinese,198,cross_language_tourism_side_project,Chinese,Xiaohongshu titles now; note bodies later if collected,topic,crafts_shopping,Crafts / Shopping,手工藝品/購物,刀具,New broader keyword,new_candidate_not_yet_wired,Lynn,No change,刀具,,2026-06-18
Chinese,199,cross_language_tourism_side_project,Chinese,Xiaohongshu titles now; note bodies later if collected,topic,crafts_shopping,Crafts / Shopping,手工藝品/購物,漆器,New broader keyword,new_candidate_not_yet_wired,Lynn,No change,漆器,,2026-06-18
Chinese,200,cross_language_tourism_side_project,Chinese,Xiaohongshu titles now; note bodies later if collected,topic,crafts_shopping,Crafts / Shopping,手工藝品/購物,和纸,New broader keyword,new_candidate_not_yet_wired,Lynn,No change,和纸,,2026-06-18
Chinese,201,cross_language_tourism_side_project,Chinese,Xiaohongshu titles now; note bodies later if collected,topic,crafts_shopping,Crafts / Shopping,手工藝品/購物,纸漉,New broader keyword,new_candidate_not_yet_wired,Lynn,No change,纸漉,,2026-06-18
Chinese,202,cross_language_tourism_side_project,Chinese,Xiaohongshu titles now; note bodies later if collected,topic,crafts_shopping,Crafts / Shopping,手工藝品/購物,体验,New broader keyword,new_candidate_not_yet_wired,Lynn,No change,体验,,2026-06-18
Chinese,203,cross_language_tourism_side_project,Chinese,Xiaohongshu titles now; note bodies later if collected,topic,crafts_shopping,Crafts / Shopping,手工藝品/購物,市场,New broader keyword,new_candidate_not_yet_wired,Lynn,No change,市场,,2026-06-18
Chinese,204,cross_language_tourism_side_project,Chinese,Xiaohongshu titles now; note bodies later if collected,topic,crafts_shopping,Crafts / Shopping,手工藝品/購物,物产,New broader keyword,new_candidate_not_yet_wired,Lynn,No change,物产,,2026-06-18
Chinese,205,cross_language_tourism_side_project,Chinese,Xiaohongshu titles now; note bodies later if collected,topic,fan_pilgrimage_pop_culture,Fan Pilgrimage / Pop Culture,粉絲朝聖/流行文化,圣地巡礼,New broader keyword,new_candidate_not_yet_wired,Lynn,No change,圣地巡礼,,2026-06-18
Chinese,206,cross_language_tourism_side_project,Chinese,Xiaohongshu titles now; note bodies later if collected,topic,fan_pilgrimage_pop_culture,Fan Pilgrimage / Pop Culture,粉絲朝聖/流行文化,追星,New broader keyword,new_candidate_not_yet_wired,Lynn,No change,追星,,2026-06-18
Chinese,207,cross_language_tourism_side_project,Chinese,Xiaohongshu titles now; note bodies later if collected,topic,fan_pilgrimage_pop_culture,Fan Pilgrimage / Pop Culture,粉絲朝聖/流行文化,粉丝,New broader keyword,new_candidate_not_yet_wired,Lynn,No change,粉丝,,2026-06-18
Chinese,208,cross_language_tourism_side_project,Chinese,Xiaohongshu titles now; note bodies later if collected,topic,fan_pilgrimage_pop_culture,Fan Pilgrimage / Pop Culture,粉絲朝聖/流行文化,动漫,New broader keyword,new_candidate_not_yet_wired,Lynn,No change,动漫,,2026-06-18
Chinese,209,cross_language_tourism_side_project,Chinese,Xiaohongshu titles now; note bodies later if collected,topic,fan_pilgrimage_pop_culture,Fan Pilgrimage / Pop Culture,粉絲朝聖/流行文化,漫画,New broader keyword,new_candidate_not_yet_wired,Lynn,No change,漫画,,2026-06-18
Chinese,210,cross_language_tourism_side_project,Chinese,Xiaohongshu titles now; note bodies later if collected,topic,fan_pilgrimage_pop_culture,Fan Pilgrimage / Pop Culture,粉絲朝聖/流行文化,电视剧,New broader keyword,new_candidate_not_yet_wired,Lynn,No change,电视剧,,2026-06-18
Chinese,211,cross_language_tourism_side_project,Chinese,Xiaohongshu titles now; note bodies later if collected,topic,fan_pilgrimage_pop_culture,Fan Pilgrimage / Pop Culture,粉絲朝聖/流行文化,取景地,New broader keyword,new_candidate_not_yet_wired,Lynn,No change,取景地,,2026-06-18
Chinese,212,cross_language_tourism_side_project,Chinese,Xiaohongshu titles now; note bodies later if collected,topic,fan_pilgrimage_pop_culture,Fan Pilgrimage / Pop Culture,粉絲朝聖/流行文化,前田陆,New broader keyword,new_candidate_not_yet_wired,Lynn,No change,前田陆,,2026-06-18
Chinese,213,cross_language_tourism_side_project,Chinese,Xiaohongshu titles now; note bodies later if collected,topic,fan_pilgrimage_pop_culture,Fan Pilgrimage / Pop Culture,粉絲朝聖/流行文化,Riku,New broader keyword,new_candidate_not_yet_wired,Lynn,No change,Riku,,2026-06-18
Chinese,214,cross_language_tourism_side_project,Chinese,Xiaohongshu titles now; note bodies later if collected,topic,fan_pilgrimage_pop_culture,Fan Pilgrimage / Pop Culture,粉絲朝聖/流行文化,成员,New broader keyword,new_candidate_not_yet_wired,Lynn,No change,成员,,2026-06-18
Chinese,215,cross_language_tourism_side_project,Chinese,Xiaohongshu titles now; note bodies later if collected,topic,accommodation,Accommodation,住宿,酒店,New broader keyword,new_candidate_not_yet_wired,Lynn,No change,酒店,,2026-06-18
Chinese,216,cross_language_tourism_side_project,Chinese,Xiaohongshu titles now; note bodies later if collected,topic,accommodation,Accommodation,住宿,旅馆,New broader keyword,new_candidate_not_yet_wired,Lynn,No change,旅馆,,2026-06-18
Chinese,217,cross_language_tourism_side_project,Chinese,Xiaohongshu titles now; note bodies later if collected,topic,accommodation,Accommodation,住宿,住宿,New broader keyword,new_candidate_not_yet_wired,Lynn,No change,住宿,,2026-06-18
Chinese,218,cross_language_tourism_side_project,Chinese,Xiaohongshu titles now; note bodies later if collected,topic,accommodation,Accommodation,住宿,客房,New broader keyword,new_candidate_not_yet_wired,Lynn,delete,,,2026-06-18
Chinese,219,cross_language_tourism_side_project,Chinese,Xiaohongshu titles now; note bodies later if collected,topic,accommodation,Accommodation,住宿,早餐,New broader keyword,new_candidate_not_yet_wired,Lynn,No change,早餐,,2026-06-18
Chinese,220,cross_language_tourism_side_project,Chinese,Xiaohongshu titles now; note bodies later if collected,topic,accommodation,Accommodation,住宿,前台,New broader keyword,new_candidate_not_yet_wired,Lynn,No change,前台,,2026-06-18
Chinese,221,cross_language_tourism_side_project,Chinese,Xiaohongshu titles now; note bodies later if collected,topic,accommodation,Accommodation,住宿,万豪,New broader keyword,new_candidate_not_yet_wired,Lynn,delete,,,2026-06-18
Chinese,222,cross_language_tourism_side_project,Chinese,Xiaohongshu titles now; note bodies later if collected,topic,accommodation,Accommodation,住宿,Marriott,New broader keyword,new_candidate_not_yet_wired,Lynn,delete,,,2026-06-18
Chinese,223,cross_language_tourism_side_project,Chinese,Xiaohongshu titles now; note bodies later if collected,topic,seasonal_events,Seasonal Events,季節性活動,祭典,New broader keyword,new_candidate_not_yet_wired,Lynn,No change,祭典,,2026-06-18
Chinese,224,cross_language_tourism_side_project,Chinese,Xiaohongshu titles now; note bodies later if collected,topic,seasonal_events,Seasonal Events,季節性活動,烟花,New broader keyword,new_candidate_not_yet_wired,Lynn,No change,烟花,,2026-06-18
Chinese,225,cross_language_tourism_side_project,Chinese,Xiaohongshu titles now; note bodies later if collected,topic,seasonal_events,Seasonal Events,季節性活動,灯光秀,New broader keyword,new_candidate_not_yet_wired,Lynn,No change,灯光秀,,2026-06-18
Chinese,226,cross_language_tourism_side_project,Chinese,Xiaohongshu titles now; note bodies later if collected,topic,seasonal_events,Seasonal Events,季節性活動,季节限定,New broader keyword,new_candidate_not_yet_wired,Lynn,No change,季节限定,,2026-06-18
Chinese,227,cross_language_tourism_side_project,Chinese,Xiaohongshu titles now; note bodies later if collected,topic,seasonal_events,Seasonal Events,季節性活動,春天,New broader keyword,new_candidate_not_yet_wired,Lynn,No change,春天,,2026-06-18
Chinese,228,cross_language_tourism_side_project,Chinese,Xiaohongshu titles now; note bodies later if collected,topic,seasonal_events,Seasonal Events,季節性活動,夏天,New broader keyword,new_candidate_not_yet_wired,Lynn,No change,夏天,,2026-06-18
Chinese,229,cross_language_tourism_side_project,Chinese,Xiaohongshu titles now; note bodies later if collected,topic,seasonal_events,Seasonal Events,季節性活動,秋天,New broader keyword,new_candidate_not_yet_wired,Lynn,No change,秋天,,2026-06-18
Chinese,230,cross_language_tourism_side_project,Chinese,Xiaohongshu titles now; note bodies later if collected,topic,seasonal_events,Seasonal Events,季節性活動,冬天,New broader keyword,new_candidate_not_yet_wired,Lynn,No change,冬天,,2026-06-18
Chinese,231,cross_language_tourism_side_project,Chinese,Xiaohongshu titles now; note bodies later if collected,topic,seasonal_events,Seasonal Events,季節性活動,活动,New broader keyword,new_candidate_not_yet_wired,Lynn,No change,活动,,2026-06-18
Chinese,232,cross_language_tourism_side_project,Chinese,Xiaohongshu titles now; note bodies later if collected,topic,seasonal_events,Seasonal Events,季節性活動,期间限定,New broader keyword,new_candidate_not_yet_wired,Lynn,No change,期间限定,,2026-06-18
Chinese,233,cross_language_tourism_side_project,Chinese,Xiaohongshu titles now; note bodies later if collected,sentiment,positive_sentiment,Positive Sentiment,正面評價,好,New broader keyword,new_candidate_not_yet_wired,Lynn,No change,好,,2026-06-18
Chinese,234,cross_language_tourism_side_project,Chinese,Xiaohongshu titles now; note bodies later if collected,sentiment,positive_sentiment,Positive Sentiment,正面評價,很好,New broader keyword,new_candidate_not_yet_wired,Lynn,No change,很好,,2026-06-18
Chinese,235,cross_language_tourism_side_project,Chinese,Xiaohongshu titles now; note bodies later if collected,sentiment,positive_sentiment,Positive Sentiment,正面評價,超棒,New broader keyword,new_candidate_not_yet_wired,Lynn,No change,超棒,,2026-06-18
Chinese,236,cross_language_tourism_side_project,Chinese,Xiaohongshu titles now; note bodies later if collected,sentiment,positive_sentiment,Positive Sentiment,正面評價,推荐,New broader keyword,new_candidate_not_yet_wired,Lynn,No change,推荐,,2026-06-18
Chinese,237,cross_language_tourism_side_project,Chinese,Xiaohongshu titles now; note bodies later if collected,sentiment,positive_sentiment,Positive Sentiment,正面評價,值得,New broader keyword,new_candidate_not_yet_wired,Lynn,No change,值得,,2026-06-18
Chinese,238,cross_language_tourism_side_project,Chinese,Xiaohongshu titles now; note bodies later if collected,sentiment,positive_sentiment,Positive Sentiment,正面評價,喜欢,New broader keyword,new_candidate_not_yet_wired,Lynn,No change,喜欢,,2026-06-18
Chinese,239,cross_language_tourism_side_project,Chinese,Xiaohongshu titles now; note bodies later if collected,sentiment,positive_sentiment,Positive Sentiment,正面評價,美,New broader keyword,new_candidate_not_yet_wired,Lynn,No change,美,,2026-06-18
Chinese,240,cross_language_tourism_side_project,Chinese,Xiaohongshu titles now; note bodies later if collected,sentiment,positive_sentiment,Positive Sentiment,正面評價,震撼,New broader keyword,new_candidate_not_yet_wired,Lynn,No change,震撼,,2026-06-18
Chinese,241,cross_language_tourism_side_project,Chinese,Xiaohongshu titles now; note bodies later if collected,sentiment,positive_sentiment,Positive Sentiment,正面評價,舒服,New broader keyword,new_candidate_not_yet_wired,Lynn,No change,舒服,,2026-06-18
Chinese,242,cross_language_tourism_side_project,Chinese,Xiaohongshu titles now; note bodies later if collected,sentiment,positive_sentiment,Positive Sentiment,正面評價,干净,New broader keyword,new_candidate_not_yet_wired,Lynn,No change,干净,,2026-06-18
Chinese,243,cross_language_tourism_side_project,Chinese,Xiaohongshu titles now; note bodies later if collected,sentiment,positive_sentiment,Positive Sentiment,正面評價,好吃,New broader keyword,new_candidate_not_yet_wired,Lynn,No change,好吃,,2026-06-18
Chinese,244,cross_language_tourism_side_project,Chinese,Xiaohongshu titles now; note bodies later if collected,sentiment,positive_sentiment,Positive Sentiment,正面評價,新鲜,New broader keyword,new_candidate_not_yet_wired,Lynn,No change,新鲜,,2026-06-18
Chinese,245,cross_language_tourism_side_project,Chinese,Xiaohongshu titles now; note bodies later if collected,sentiment,positive_sentiment,Positive Sentiment,正面評價,治愈,New broader keyword,new_candidate_not_yet_wired,Lynn,No change,治愈,,2026-06-18
Chinese,246,cross_language_tourism_side_project,Chinese,Xiaohongshu titles now; note bodies later if collected,sentiment,positive_sentiment,Positive Sentiment,正面評價,惊喜,New broader keyword,new_candidate_not_yet_wired,Lynn,No change,惊喜,,2026-06-18
Chinese,247,cross_language_tourism_side_project,Chinese,Xiaohongshu titles now; note bodies later if collected,sentiment,positive_sentiment,Positive Sentiment,正面評價,满意,New broader keyword,new_candidate_not_yet_wired,Lynn,No change,满意,,2026-06-18
Chinese,248,cross_language_tourism_side_project,Chinese,Xiaohongshu titles now; note bodies later if collected,sentiment,negative_sentiment,Negative Sentiment,負面評價,差,New broader keyword,new_candidate_not_yet_wired,Lynn,No change,差,,2026-06-18
Chinese,249,cross_language_tourism_side_project,Chinese,Xiaohongshu titles now; note bodies later if collected,sentiment,negative_sentiment,Negative Sentiment,負面評價,失望,New broader keyword,new_candidate_not_yet_wired,Lynn,No change,失望,,2026-06-18
Chinese,250,cross_language_tourism_side_project,Chinese,Xiaohongshu titles now; note bodies later if collected,sentiment,negative_sentiment,Negative Sentiment,負面評價,无聊,New broader keyword,new_candidate_not_yet_wired,Lynn,No change,无聊,,2026-06-18
Chinese,251,cross_language_tourism_side_project,Chinese,Xiaohongshu titles now; note bodies later if collected,sentiment,negative_sentiment,Negative Sentiment,負面評價,贵,New broader keyword,new_candidate_not_yet_wired,Lynn,No change,贵,,2026-06-18
Chinese,252,cross_language_tourism_side_project,Chinese,Xiaohongshu titles now; note bodies later if collected,sentiment,negative_sentiment,Negative Sentiment,負面評價,人多,New broader keyword,new_candidate_not_yet_wired,Lynn,No change,人多,,2026-06-18
Chinese,253,cross_language_tourism_side_project,Chinese,Xiaohongshu titles now; note bodies later if collected,sentiment,negative_sentiment,Negative Sentiment,負面評價,拥挤,New broader keyword,new_candidate_not_yet_wired,Lynn,No change,拥挤,,2026-06-18
Chinese,254,cross_language_tourism_side_project,Chinese,Xiaohongshu titles now; note bodies later if collected,sentiment,negative_sentiment,Negative Sentiment,負面評價,关门,New broader keyword,new_candidate_not_yet_wired,Lynn,No change,关门,,2026-06-18
Chinese,255,cross_language_tourism_side_project,Chinese,Xiaohongshu titles now; note bodies later if collected,sentiment,negative_sentiment,Negative Sentiment,負面評價,不好找,New broader keyword,new_candidate_not_yet_wired,Lynn,No change,不好找,,2026-06-18
Chinese,256,cross_language_tourism_side_project,Chinese,Xiaohongshu titles now; note bodies later if collected,sentiment,negative_sentiment,Negative Sentiment,負面評價,难去,New broader keyword,new_candidate_not_yet_wired,Lynn,No change,难去,,2026-06-18
Chinese,257,cross_language_tourism_side_project,Chinese,Xiaohongshu titles now; note bodies later if collected,sentiment,negative_sentiment,Negative Sentiment,負面評價,不方便,New broader keyword,new_candidate_not_yet_wired,Lynn,No change,不方便,,2026-06-18
Chinese,258,cross_language_tourism_side_project,Chinese,Xiaohongshu titles now; note bodies later if collected,sentiment,negative_sentiment,Negative Sentiment,負面評價,不值得,New broader keyword,new_candidate_not_yet_wired,Lynn,No change,不值得,,2026-06-18
Chinese,259,cross_language_tourism_side_project,Chinese,Xiaohongshu titles now; note bodies later if collected,sentiment,negative_sentiment,Negative Sentiment,負面評價,踩雷,New broader keyword,new_candidate_not_yet_wired,Lynn,No change,踩雷,,2026-06-18
Chinese,260,cross_language_tourism_side_project,Chinese,Xiaohongshu titles now; note bodies later if collected,sentiment,negative_sentiment,Negative Sentiment,負面評價,坑,New broader keyword,new_candidate_not_yet_wired,Lynn,No change,坑,,2026-06-18
Chinese,261,cross_language_tourism_side_project,Chinese,Xiaohongshu titles now; note bodies later if collected,sentiment,negative_sentiment,Negative Sentiment,負面評價,一般,New broader keyword,new_candidate_not_yet_wired,Lynn,No change,一般,,2026-06-18
Chinese,262,cross_language_tourism_side_project,Chinese,Xiaohongshu titles now; note bodies later if collected,sentiment,recommendation_intent,Recommendation / Intent,推薦/意向,推荐,New broader keyword,new_candidate_not_yet_wired,Lynn,No change,推荐,,2026-06-18
Chinese,263,cross_language_tourism_side_project,Chinese,Xiaohongshu titles now; note bodies later if collected,sentiment,recommendation_intent,Recommendation / Intent,推薦/意向,必去,New broader keyword,new_candidate_not_yet_wired,Lynn,No change,必去,,2026-06-18
Chinese,264,cross_language_tourism_side_project,Chinese,Xiaohongshu titles now; note bodies later if collected,sentiment,recommendation_intent,Recommendation / Intent,推薦/意向,值得去,New broader keyword,new_candidate_not_yet_wired,Lynn,No change,值得去,,2026-06-18
Chinese,265,cross_language_tourism_side_project,Chinese,Xiaohongshu titles now; note bodies later if collected,sentiment,recommendation_intent,Recommendation / Intent,推薦/意向,还会再来,New broader keyword,new_candidate_not_yet_wired,Lynn,No change,还会再来,,2026-06-18
Chinese,266,cross_language_tourism_side_project,Chinese,Xiaohongshu titles now; note bodies later if collected,sentiment,recommendation_intent,Recommendation / Intent,推薦/意向,下次还来,New broader keyword,new_candidate_not_yet_wired,Lynn,No change,下次还来,,2026-06-18
Chinese,267,cross_language_tourism_side_project,Chinese,Xiaohongshu titles now; note bodies later if collected,sentiment,recommendation_intent,Recommendation / Intent,推薦/意向,不要错过,New broader keyword,new_candidate_not_yet_wired,Lynn,No change,不要错过,,2026-06-18
Chinese,268,cross_language_tourism_side_project,Chinese,Xiaohongshu titles now; note bodies later if collected,sentiment,recommendation_intent,Recommendation / Intent,推薦/意向,值得一看,New broader keyword,new_candidate_not_yet_wired,Lynn,No change,值得一看,,2026-06-18
Chinese,269,cross_language_tourism_side_project,Chinese,Xiaohongshu titles now; note bodies later if collected,sentiment,recommendation_intent,Recommendation / Intent,推薦/意向,一定要去,New broader keyword,new_candidate_not_yet_wired,Lynn,No change,一定要去,,2026-06-18
